{"source":"LTC6994","data":{"vplus":5,"delayMin":0.000009999999999999999,"delayMax":0.000024999999999999998,"delay":0.5,"vcMax":1,"vcMin":0,"rTopology":3,"rRetrigger":null,"rINEdge":0,"rOUTPOL":0,"rPEdge":0,"divCode":6}}